{
    "best_model": "random_forest",
    "best_r2": 0.8052747336256919,
    "comparison": [
        {
            "model": "random_forest",
            "r2": 0.8052747336256919,
            "mse": 0.255169737347244,
            "mae": 0.3274252027374032
        },
        {
            "model": "gradient_boosting",
            "r2": 0.7756433164710084,
            "mse": 0.29399901242474274,
            "mae": 0.37165044848436773
        },
        {
            "model": "linear_regression",
            "r2": 0.575787706032451,
            "mse": 0.5558915986952441,
            "mae": 0.5332001304956565
        }
    ],
    "timestamp": "2025-12-08T08:35:08.634977"
}